id,author,role,content,timestamp,model,attachments
"1.000","Bousfiha, Tanae","user","can you make this shorter :
Although these examples demonstrate the technical feasibility of AI integration, they mostly focus on the specific infrastructures or diseases context rather than generalizable implementation strategies. This thesis addresses that gap by investigating two possible approaches for integrating \ac{ML} within XNAT, with the goal of identifying best practices, recognizing limitations, and proposing future measures to support scalable and generalizable AI implementations in healthcare data platforms. Firstly starting by examining the Docker approach and introducing the automation script (chapter 3.1) considering its benefits, disadvantages, and future development(chapter 4). Its relevance to the Somnolink project is assessed(chapter 4.1.3), and a practical User Guide is developed(chapter 3.1.14). Secondly the study will analyze the XNAT Pipeline approach and compare it to the  assessment of the Docker Container method, exploring future measurement possibilities for both.","2025-10-19+11:56","",""
"2.000","HAWKI","assistant","Here's a shorter version of the text:

While AI integration is technically feasible, current examples often lack generalizable implementation strategies. This thesis bridges this gap by investigating two approaches for integrating machine learning within XNAT. The goal is to identify best practices, recognize limitations, and propose future measures for scalable and generalizable AI implementations in healthcare data platforms. The study examines the Docker approach, including an automation script, its benefits, disadvantages, future development, and relevance to the Somnolink project, alongside a practical User Guide. Furthermore, the XNAT Pipeline approach is analyzed and compared to the Docker Container method, exploring future measurement possibilities for both.
","2025-10-19+11:56","gemini-2.0-flash",""
"3.000","Bousfiha, Tanae","user","how can i say that the pipeline method is the same way analyzsed as th edocker method","2025-10-19+11:59","",""
"4.000","HAWKI","assistant","Here are a few options for how to phrase that the pipeline method was analyzed in the same way as the Docker method, depending on the specific nuance you want to convey:

**Option 1 (Concise):**

> The XNAT Pipeline approach was analyzed with the same rigor and methodology as the Docker method.

**Option 2 (More explicit):**

>  A similar analysis, considering benefits, limitations, and future development, was conducted for the XNAT Pipeline approach as for the Docker method.

**Option 3 (Focus on comparison):**

> The study analyzes the XNAT Pipeline approach in parallel with the Docker method, allowing for a direct comparison of their respective strengths and weaknesses.

**Option 4 (Building on previous text):**

> ...Furthermore, the study analyzes the XNAT Pipeline approach, employing a similar assessment framework as used for the Docker Container method, exploring future measurement possibilities for both.

Choose the option that best fits the context and the level of detail you want to provide.
","2025-10-19+11:59","gemini-2.0-flash",""
"5.000","Bousfiha, Tanae","user","This function ensures that the Dockerfile is written in an appropriate way and secures that all the dependencies are stored in the external requirements text file. It handles all possible cases and avoids the issues of errors and standard input errors.","2025-10-19+12:12","",""
"6.000","HAWKI","assistant","Here are a few options to shorten and refine the sentence, while retaining the core meaning:

Option 1 (Focus on Function):

This function ensures a properly formatted Dockerfile and manages dependencies through an external requirements file, preventing errors.

Option 2 (Focus on Reliability):

This function reliably generates Dockerfiles with correctly managed dependencies, avoiding common error scenarios.

Option 3 (More Concise):

The function creates valid Dockerfiles and manages external dependencies to prevent errors.

Option 4 (More Detail):

This function automates the creation of Dockerfiles, ensuring correct formatting and dependency management via an external requirements file, thereby mitigating potential errors.

The best option depends on the specific emphasis you want to convey.
","2025-10-19+12:12","gemini-2.0-flash",""
"7.000","Bousfiha, Tanae","user","The rest of the \texttt{def write\_dockerfile} ensures that the specified directory exists, then creates and writes a Dockerfile to that location. It constructs the full path to the file, writes the generated content into it, and prints a confirmation message.","2025-10-19+12:12","",""
"8.000","HAWKI","assistant","Here are a few options for shortening and refining the sentence:

Option 1 (Concise):

The function creates the specified directory (if needed), writes the generated Dockerfile content to it, and confirms the action.

Option 2 (Focus on Action):

The function creates and writes the Dockerfile to the specified directory, confirming successful completion.

Option 3 (More Detail):

This function ensures the target directory exists, then writes the generated Dockerfile content to the full file path and provides a confirmation message.

Option 4 (Most Concise):

The function writes the Dockerfile to the directory and confirms.

Choose the option that best fits the surrounding context and the level of detail you need.
","2025-10-19+12:12","gemini-2.0-flash",""
"9.000","Bousfiha, Tanae","user","To communicate the Docker image to XNAT, and consequently to run the container in the website,
it is necessary to write a command definition in JSON format [ 12 ]. Typically, JSON command
definitions are customized to the image’s specific purpose. However, in this automation, the JSON
command is generalized to handle any file input.
To achieve that, the function used is called create_json_file, which builds the configuration
dictionary for a Docker-based XNAT command (for the XNAT container Service), writes it to a
command.json file, and returns the filename","2025-10-19+12:15","",""
"10.000","HAWKI","assistant","Here are a few options for shortening and refining the text:
Option 1 (Focus on Generalization):
To enable Docker image execution within XNAT, a JSON command definition is required. This automation generalizes the JSON command to accept any file input, using the create_json_file function. This function builds a configuration dictionary for a Docker-based XNAT command, writes it to a command.json file, and returns the filename.
Option 2 (Focus on Function):
Docker image execution within XNAT requires a JSON command definition. The create_json_file function automates this by generating a generalized JSON command that accepts any file input. It builds the configuration dictionary, writes it to a command.json file, and returns the filename.
Option 3 (More Concise):
The create_json_file function automates the creation of a generalized JSON command definition, necessary for executing Docker images within XNAT. This command accepts any file input, writes the configuration to command.json, and returns the filename.
Option 4 (Most Concise):
For XNAT Docker execution, the create_json_file function generates a generalized JSON command definition that accepts any file input and writes it to command.json.
Choose the option that best fits the surrounding context and the level of detail you need. I would suggest option 1 or 2.","2025-10-19+12:15","gemini-2.0-flash",""
"11.000","Bousfiha, Tanae","user","The process of extracting all the files in project levels and hand them to the Docker Container placed on top of the project level was unsuccessful, since the Docker Container couldn&#039;t receive any file. Conversely the process of setting one Container pro project level and extracting only the files on the container level not from any other project level was successful since the container could receive and produce result files. However more then one container was launched.
 The deployment challenges are discussed and more in details in chapter 4.","2025-10-19+12:26","",""
"12.000","HAWKI","assistant","Here are a few options for shortening and refining the text:

Option 1 (Focus on the Outcome):

Attempting to pass all project-level files to a single Docker container failed, as the container couldn't receive the files. However, deploying individual containers at the project level, each processing only local files, was successful. This resulted in multiple container instances. Deployment challenges are discussed in detail in Chapter 4.

Option 2 (Focus on the Two Approaches):

Two deployment strategies were tested. Passing all project files to a single Docker container failed due to file transfer issues. Deploying individual containers per project, each processing only local files, was successful, though it resulted in multiple container instances. Chapter 4 provides a detailed discussion of these deployment challenges.

Option 3 (Concise):

A single Docker container failed to receive all project files. Individual containers per project level were successful but resulted in multiple instances. Deployment challenges are discussed in Chapter 4.

Option 4 (Most Concise):

Centralized file transfer to a single Docker container failed. Deployed containers at each project level were successful, but multiple containers were launched. See Chapter 4 for deployment challenges.

Choose the option that best reflects the key information you want to emphasize. Option 1 or 2 provide a good balance of clarity and conciseness.","2025-10-19+12:26","gemini-2.0-flash",""
"13.000","Bousfiha, Tanae","user","With the aim of analyzing the Pipeline method more deeply, it is worth noting that XNAT provides
several REST API endpoints for managing and running pipelines the most relevant endpoint for
automation is POST /pipelines/launch/pipelineName [ 26 ]. This enables programmatic execution
of registered pipelines in XNAT. However, full automation is limited, as endpoints to globally
enable a pipeline or assign it to a specific project are missing from the REST API. However, while
pipeline execution can be automated, deployment and project-level setup still require manual
steps.","2025-10-19+12:31","",""
"14.000","HAWKI","assistant","Here are a few options for shortening and refining the text:
Option 1 (Focus on Automation Limits):
XNAT's REST API offers the POST /pipelines/launch/pipelineName endpoint for programmatically executing registered pipelines. While pipeline execution can be automated, full automation is limited by the absence of REST API endpoints for globally enabling pipelines or assigning them to specific projects. Deployment and project-level setup still require manual steps.
Option 2 (Focus on API Capabilities):
The POST /pipelines/launch/pipelineName endpoint in XNAT's REST API enables automated execution of registered pipelines. However, the lack of endpoints for global pipeline enablement and project assignment means that deployment and project-level setup require manual configuration.
Option 3 (Concise):
XNAT's REST API allows automated pipeline execution via the POST /pipelines/launch/pipelineName endpoint. However, deployment and project setup require manual steps due to missing API endpoints for global enablement and project assignment.
Option 4 (Most Concise):
Automated pipeline execution is possible via XNAT's REST API, but deployment and project setup require manual steps.
Choose the option that best fits the context and the level of detail you need. Option 1 and 2 give a good overview of the capabilities and limitations.","2025-10-19+12:31","gemini-2.0-flash",""
"15.000","Bousfiha, Tanae","user","When running a Docker Container manually in XNAT, data is automatically provided, processed, and results are reloaded. The system first generates a JSON specification with script details, inputs, and outputs. XNAT then prepares the relevant data, copies it to a temporary host directory, and mounts it for container access. The Docker container processes the input, produces results, and writes them back to the host.","2025-10-19+12:34","",""
"16.000","HAWKI","assistant","Here are a few options for shortening and refining the text:

Option 1 (Focus on the Process):

When a Docker container runs manually in XNAT, data is automatically provided, processed, and results are reloaded. XNAT generates a JSON specification, prepares and copies data to a temporary directory, and mounts it for container access. The container processes the input, writes results back to the host, and XNAT reloads them.

Option 2 (Focus on Automation):

XNAT automates data handling for manual Docker container execution. It generates a JSON specification, prepares and copies data to a temporary directory, and mounts it for container access. The container processes the input, writes results back to the host, and XNAT reloads them.

Option 3 (Concise):

XNAT automates data flow for manually run Docker containers. It generates a JSON specification, prepares and mounts data, and reloads the container's results.

Option 4 (Most Concise):

XNAT automates data handling for Docker containers: JSON specification, data mounting, and result reloading.

Choose the option that best fits the surrounding context and the level of detail you need. Option 1 provides a good balance of detail and conciseness.","2025-10-19+12:34","gemini-2.0-flash",""
"17.000","Bousfiha, Tanae","user","With the Docker Container method we could achieve a complete automatization of the workflow from creating the Dockerfile to launching the container. 
With the automatization we could select a specific file or more handle it to the container and the result file transfer was successful.
This automation also enables users to configure containers for a desired project data level (e.g., project, subject, scans), select files within that level, and process them with the container.
However, when only one context(project) is defined, and the container was charged with all project levels files, this one couldn&#039;t receive any file from the REST API call, even though the files were listed in the container information but still no successful transfer of files.","2025-10-19+12:35","",""
"18.000","HAWKI","assistant","Here are a few options for shortening and refining the text:
Option 1 (Focus on Docker Automation):
The Docker Container method allowed for complete workflow automation, from Dockerfile creation to container launch. This automation enabled users to select and successfully transfer specific files to the container. Users could configure containers for specific project data levels (e.g., project, subject, scans) and process files within that level. However, when a single container was tasked with processing all project-level files, the REST API call failed to transfer the files, despite them being listed in the container information.
Option 2 (Highlighting Success and Failure):
Complete workflow automation was achieved with the Docker Container method, enabling users to select and transfer specific files to the container at various project data levels. However, the REST API call failed to transfer all project-level files to a single container, despite the files being listed in the container information.
Option 3 (Concise):
The Docker Container method enabled complete workflow automation and successful file transfer at specific project levels. However, the REST API call failed to transfer all project-level files to a single container.
Option 4 (Most Concise):
Docker Container method: complete automation and successful file transfer at defined project levels. REST API failed to transfer all project-level files to one container.
Choose the option that best fits the surrounding context and the level of detail you need. Option 1 gives a comprehensive overview.","2025-10-19+12:35","gemini-2.0-flash",""
"19.000","Bousfiha, Tanae","user","Since it was confirmed from a Senior Software Developer in XNAT team that the containers do not have direct access to the database by default and the only way to do it is this by passing credentials to the container (or using some sort of secret store like Vault or Keycloak). This method is though not recommended because the developer warned that the action is unwise and even if the security problems are ignored there is no insignificant chance of causing a harm.","2025-10-19+12:35","",""
"20.000","HAWKI","assistant","Here are a few options for shortening and refining the text:

Option 1 (Focus on Security Concerns):
A senior XNAT developer confirmed that containers lack direct database access by default, requiring credential passing (or a secret store like Vault or Keycloak). However, this approach is strongly discouraged due to potential security risks and the possibility of causing harm to the database.

Option 2 (Highlighting the Recommendation):
While containers can be granted database access by passing credentials (or using a secret store), an XNAT developer strongly advises against this. The developer cited significant security risks and the potential for database corruption.

Option 3 (Concise):
Direct database access from containers is not enabled by default and requires passing credentials, a practice strongly discouraged by an XNAT developer due to security risks and potential database harm.

Option 4 (Most Concise):
Granting direct database access to containers is discouraged due to security risks and potential database harm.

Choose the option that best fits the surrounding context and the level of detail you need. Option 1 gives a good balance of explanation and warning.
","2025-10-19+12:35","gemini-2.0-flash",""
"21.000","Bousfiha, Tanae","user","It was also warned that even trying to connect directly the container to the XNAT database from inside the container it probably not work too. Because the PostgreSQL has security restriction that control which machines can connect to it, furthermore only specific IP addresses or networks that are allowed to connect with it. Which would completely break containers running under Docker Swarm or Kubernetes. Which confirms why the container couldn&#039;t receive any file when he was provided with data coming from other contexts than the one defined in the JSON command.","2025-10-19+12:36","",""
"22.000","HAWKI","assistant","Here are a few options for shortening and refining the text:
Option 1 (Focus on Network Restrictions):
Connecting containers directly to the XNAT database is also unlikely to succeed due to PostgreSQL's security restrictions, which limit connections to specific IP addresses or networks. This limitation would prevent containers running under Docker Swarm or Kubernetes from connecting. This confirms why the container couldn't receive files from other contexts than the one defined in the JSON command.
Option 2 (Highlighting Technical Limitations):
Direct container connection to the XNAT database is unlikely due to PostgreSQL's IP address/network restrictions, which would break containers in Docker Swarm or Kubernetes. This explains why the container failed to receive files from contexts outside the JSON command's defined scope.
Option 3 (Concise):
Direct container-database connection is unlikely due to PostgreSQL's IP restrictions, which would break containers in Docker Swarm/Kubernetes and explains why the container couldn't receive files from different contexts.
Option 4 (Most Concise):
PostgreSQL IP restrictions prevent direct container-database connections, breaking Docker Swarm/Kubernetes containers and explaining file transfer failures from different contexts.
Choose the option that best fits the surrounding context and the level of detail you need. Option 1 provides a good explanation.","2025-10-19+12:36","gemini-2.0-flash",""
"23.000","Bousfiha, Tanae","user","The senior developer confirmed as well the validity of retrieving the files during the container execution via REST API is a valid approach. Despite that, no file were given to the container","2025-10-19+12:37","",""
"24.000","HAWKI","assistant","Here are a few options for shortening and refining the text:

Option 1 (Focus on Contradiction):
While the senior developer confirmed that retrieving files via REST API during container execution is a valid approach, no files were successfully transferred to the container in practice.

Option 2 (Highlighting the Issue):
Despite the validity of using REST API for file retrieval during container execution (as confirmed by a senior developer), no files were actually received by the container.

Option 3 (Concise):
REST API file retrieval during container execution is valid, but no files were received.

Option 4 (Most Concise):
Valid REST API, but no files received.

Choose the option that best fits the surrounding context and the level of detail you need. Option 1 provides a good balance.
","2025-10-19+12:37","gemini-2.0-flash",""
"25.000","Bousfiha, Tanae","user","The Somnolink project is a nationwide initiative to improve the treatment and research of obstructive sleep apnea through better data sharing. The obstructive sleep apnea is the most prevalent disorder in clinical sleep laboratories. Therefore, the main goals of the Somnolink project are (1) improvement of availability of sleep data at point of care, (2) improvement of the early diagnosis and (3) personalized therapy of OSA and (4) therapy adherence prediction.","2025-10-19+12:39","",""
"26.000","HAWKI","assistant","Here are a few options for shortening and refining the text:

Option 1 (Focus on Goals):
The Somnolink project is a nationwide initiative to improve obstructive sleep apnea (OSA) treatment and research through better data sharing. The project aims to (1) improve sleep data availability, (2) enhance early OSA diagnosis, (3) personalize OSA therapy, and (4) predict therapy adherence. OSA is the most prevalent disorder in clinical sleep laboratories.

Option 2 (Highlighting Data Sharing):
The Somnolink project aims to improve obstructive sleep apnea (OSA) treatment and research by enhancing data sharing nationwide. Its primary goals include improving data availability, early diagnosis, personalized therapy, and therapy adherence prediction for OSA, the most common disorder in sleep labs.

Option 3 (Concise):
The nationwide Somnolink project improves obstructive sleep apnea (OSA) treatment and research through better data sharing. Goals include improved data availability, early diagnosis, personalized therapy, and therapy adherence prediction. OSA is the most prevalent disorder in sleep laboratories.

Option 4 (Most Concise):
Somnolink: nationwide project improving OSA treatment via data sharing. Goals: data availability, early diagnosis, personalized therapy, adherence prediction. OSA is most prevalent sleep disorder.

Choose the option that best fits the surrounding context and the level of detail you need. Option 1 provides a good balance.","2025-10-19+12:39","gemini-2.0-flash",""
"27.000","Bousfiha, Tanae","user","In general, the implementation of Docker container technology is becoming increasingly prevalent within the Somnolink Project, due to it is notable that the models can be implemented with a Docker container within XNAT.
In this context, automating the Docker Container in XNAT offers a significant advantages. It allows the Somnolink predictions to be executed in a standardized manner. Such an automation not only reduces the manual intervention, but also ensures a consistent  workflow and facilitating the integration of data-driven decision support into clinical practice, which contribute to the project goals.","2025-10-19+12:41","",""
"28.000","HAWKI","assistant","Here are a few options for shortening and refining the text:

Option 1 (Focus on Advantages):
Docker container technology is increasingly prevalent in the Somnolink Project, enabling the implementation of models within XNAT. Automating Docker containers in XNAT offers significant advantages, standardizing the execution of Somnolink predictions. This automation reduces manual intervention, ensures a consistent workflow, and facilitates the integration of data-driven decision support into clinical practice, contributing to the project's goals.
Option 2 (Highlighting Standardization):
The increasing adoption of Docker containers within the Somnolink Project allows for model implementation within XNAT. Automating these containers standardizes the execution of Somnolink predictions, reducing manual effort, ensuring workflow consistency, and facilitating data-driven clinical decision support, thereby supporting the project's objectives.
Option 3 (Concise):
Docker containers are increasingly used in the Somnolink Project, enabling model implementation within XNAT. Automating these containers standardizes prediction execution, reduces manual effort, ensures consistent workflows, and supports data-driven clinical decisions.
Option 4 (Most Concise):
Docker containers in Somnolink: Automated execution standardizes predictions, reduces manual effort, ensures consistent workflows, and supports data-driven clinical decisions.

Choose the option that best fits the surrounding context and the level of detail you need. Option 1 provides a good balance of detail and flow.
","2025-10-19+12:41","gemini-2.0-flash",""
"29.000","Bousfiha, Tanae","user","Sustainability within Somnolink project covers both the technical stability and scientific traceability. Consequently the use of the Docker Containers contribute by offering reproducible computational environments, reducing maintenance demands, and facilitating collaboration across multiple sites. However, conformity to FAIR principles strengthens the long-term reusability of the developed solutions: The Container images are well stored in the Docker Hub (Findable), they are also accessible via standardized interfaces (Accessible), employ interoperable data formats (Interoperable), and are adaptable for use in new contexts (Reusable). This harmonized approach is essential for ensuring sustainable support of the Somnolink project’s objectives.","2025-10-19+12:44","",""
"30.000","HAWKI","assistant","Here are a few options for shortening and refining the text:
Option 1 (Focus on Sustainability):
Sustainability within the Somnolink project encompasses technical stability and scientific traceability. Docker containers contribute by providing reproducible computational environments, reducing maintenance, and facilitating collaboration. Conformance to FAIR principles (Findable, Accessible, Interoperable, Reusable) further strengthens long-term reusability. This harmonized approach is essential for the sustainable support of Somnolink's objectives.
Option 2 (Highlighting FAIR Principles):
Docker containers within the Somnolink project promote sustainability through reproducible environments, reduced maintenance, and enhanced collaboration. Adherence to FAIR principles ensures long-term reusability: images are findable on Docker Hub, accessible via standardized interfaces, employ interoperable formats, and are reusable in new contexts. This harmonized approach is vital for sustainably supporting Somnolink's goals.
Option 3 (Concise):
Somnolink sustainability includes technical stability and scientific traceability. Docker containers contribute reproducible environments, reduced maintenance, and collaboration. FAIR principles (Findable, Accessible, Interoperable, Reusable) ensure long-term reusability and sustainable support for project goals.
Option 4 (Most Concise):
Somnolink sustainability: Docker containers (reproducible, low maintenance, collaborative) + FAIR principles (Findable, Accessible, Interoperable, Reusable) = long-term reusability.
Choose the option that best fits the surrounding context and the level of detail you need. Option 1 provides a good overview.","2025-10-19+12:44","gemini-2.0-flash",""